RUN_NAME	POOL	TAG	PHIX_MAPPING	PLASMID_MAPPED_BYPOOL	BARCODE_MUX	LTR_IDENTIFIED	TRIMMING_FINAL_LTRLC	LV_MAPPED	BWA_MAPPED_OVERALL	ISS_MAPPED_OVERALL	RAW_READS	QUALITY_PASSED	ISS_MAPPED_PP
PJ01|POOL03-1	POOL03-1	LTR73.LC86	51183662	392602	6120512	6120512	6104882	2926769	2900368	1966725			
PJ01|POOL03-1	POOL03-1	LTR51.LC86	51183662	392602	3536618	3536575	3532982	1663771	1787575	1334185			
PJ01|POOL03-1	POOL03-1	LTR71.LC90	51183662	392602	963093	963017	961733	449611	496042	374392			
PJ01|POOL03-1	POOL03-1	LTR93.LC90	51183662	392602	5308967	5308966	5280083	2528864	2455083	1633331			
PJ01|POOL03-1	POOL03-1	LTR49.LC90	51183662	392602	594361	594361	593948	291931	293238	221993			
PJ01|POOL03-1	POOL03-1	LTR95.LC86	51183662	392602	1827545	1827545	1825772	885302	903768	673344			
